Name	Importance
MDH	0.044539138056574
ALAALAr	0.0422389059157548
NDPK1	0.0408171480233995
VALTA	0.0405033797896419
PUNP1	0.0385716091568648
